employee_id,type,output
1,leakage,1
2,leakage,1
3,commute,1
4,therapist,823
5,commute,1
6,commute,1
7,feed,This is a fake sample
8,commute,1
9,leakage,0
10,feed,This is a fake sample
11,feed,This is a fake sample
12,therapist,456
13,feed,This is a fake sample
14,therapist,723
15,leakage,0
16,leakage,0
17,commute,1
18,feed,This is a fake sample
19,feed,This is a fake sample
20,therapist,535
21,feed,This is a fake sample
22,therapist,475
23,feed,This is a fake sample
24,feed,This is a fake sample
25,leakage,1
26,leakage,0
27,therapist,994
28,feed,commute
29,therapist,706
30,therapist,642
31,feed,This is a fake sample
32,leakage,0
33,feed,This is a fake sample
34,therapist,974
35,leakage,1
36,leakage,0
37,leakage,1
38,commute,1
39,commute,1
40,feed,This is a fake sample
41,commute,1
42,therapist,980
43,therapist,773
44,feed,This is a fake sample
45,leakage,1
46,commute,1
47,commute,1
48,leakage,1
49,leakage,1
50,feed,This is a fake sample
51,feed,This is a fake sample
52,therapist,988
53,leakage,0
54,therapist,549
55,feed,commute
56,therapist,286
57,feed,This is a fake sample
58,commute,1
59,leakage,1
60,therapist,220
61,therapist,796
62,commute,1
63,leakage,0
64,commute,1
65,therapist,733
66,therapist,611
67,feed,commute
68,leakage,0
69,commute,1
70,therapist,871
71,commute,1
72,commute,1
73,feed,commute
74,leakage,1
75,commute,1
76,leakage,0
77,leakage,1
78,therapist,934
79,commute,1
80,feed,This is a fake sample
81,therapist,646
82,feed,This is a fake sample
83,leakage,1
84,leakage,0
85,feed,This is a fake sample
86,leakage,0
87,commute,1
88,commute,1
89,therapist,834
90,leakage,1
91,feed,This is a fake sample
92,feed,This is a fake sample
93,feed,commute
94,commute,1
95,commute,1
96,feed,commute
97,commute,1
98,feed,This is a fake sample
99,feed,This is a fake sample
100,leakage,1
