factory_id,food,kg,recicled
5,pickle,146,0
7,tomatoes,133,0
4,pickle,107,0
1,cucumber,130,1
20,olives,107,0
16,pig,115,0
8,tomatoes,94,0
16,tomatoes,136,0
10,olives,134,0
18,lettuce,128,1
15,cucumber,150,0
12,lettuce,128,0
16,pickle,127,0
16,pickle,99,0
10,cucumber,125,1
12,tomatoes,150,0
14,pig,126,1
1,olives,122,0
20,cucumber,101,0
5,lettuce,104,0
12,cucumber,102,1
15,cucumber,123,1
20,tomatoes,101,0
15,cucumber,128,0
7,tomatoes,148,1
9,olives,104,0
10,cucumber,149,1
16,lettuce,148,1
3,tomatoes,126,0
11,lettuce,141,0
12,olives,95,1
3,tomatoes,114,1
19,potatoes,150,0
13,cucumber,94,0
3,pickle,125,0
9,olives,95,0
7,cucumber,102,0
13,tomatoes,103,0
6,cucumber,142,0
14,lettuce,137,1
7,lettuce,119,0
4,pig,112,1
11,pickle,126,0
17,cucumber,122,0
13,lettuce,105,0
19,pig,130,0
19,cucumber,109,0
17,tomatoes,142,0
2,lettuce,131,0
10,pig,147,0
14,cucumber,147,1
17,tomatoes,143,0
2,tomatoes,127,1
7,pickle,113,0
8,cucumber,90,0
19,lettuce,145,0
11,lettuce,122,0
13,lettuce,141,0
14,pig,90,0
10,potatoes,108,0
10,potatoes,146,0
15,potatoes,149,0
15,lettuce,118,0
12,lettuce,141,0
15,tomatoes,109,0
15,potatoes,91,1
9,lettuce,128,0
4,potatoes,129,0
8,pickle,135,0
11,pickle,101,0
2,pig,128,0
3,pickle,101,0
20,olives,144,1
9,olives,140,0
11,cucumber,96,0
2,olives,149,0
9,lettuce,98,0
7,potatoes,117,0
11,pickle,123,0
10,potatoes,123,0
2,tomatoes,126,0
14,pig,100,0
1,pig,141,0
13,lettuce,113,1
5,cucumber,130,0
13,pickle,130,0
8,lettuce,91,1
20,lettuce,139,0
6,tomatoes,122,1
18,pig,104,0
7,lettuce,110,1
15,tomatoes,107,1
4,potatoes,138,1
14,pickle,104,0
16,pickle,133,0
19,tomatoes,106,1
1,lettuce,115,0
11,cucumber,113,0
14,tomatoes,129,0
8,potatoes,104,0
1,olives,105,0
1,pig,106,0
2,pickle,147,0
5,pig,142,1
19,pickle,109,1
12,tomatoes,103,0
14,pig,105,0
18,potatoes,118,0
18,cucumber,116,0
4,pickle,146,0
2,olives,96,0
7,pickle,131,1
10,cucumber,137,0
1,potatoes,149,0
7,cucumber,146,0
5,olives,124,0
16,cucumber,131,0
5,pickle,147,0
9,potatoes,120,0
16,pig,101,1
18,potatoes,138,0
7,olives,103,0
13,pig,143,0
9,potatoes,128,0
4,pickle,144,1
17,potatoes,129,0
8,pig,140,0
7,pig,114,1
20,olives,138,0
19,lettuce,105,0
18,cucumber,113,1
20,pickle,95,0
3,cucumber,111,0
3,tomatoes,103,1
5,pickle,132,1
12,pickle,113,1
6,lettuce,94,0
17,lettuce,103,0
20,cucumber,117,0
6,pickle,109,0
19,potatoes,149,0
1,pig,140,0
11,olives,101,0
8,cucumber,135,0
19,potatoes,134,0
10,cucumber,126,0
11,cucumber,103,1
5,lettuce,125,0
16,pickle,113,0
5,lettuce,122,0
11,olives,146,0
4,lettuce,102,0
16,pig,141,0
2,lettuce,104,0
11,tomatoes,138,0
1,tomatoes,136,0
11,cucumber,124,0
14,olives,100,1
13,pickle,132,0
4,pig,110,0
10,pig,92,1
4,olives,128,0
17,tomatoes,140,0
10,tomatoes,93,0
13,pig,143,0
2,lettuce,93,0
4,potatoes,97,0
16,pig,99,0
15,cucumber,118,0
16,potatoes,145,0
6,tomatoes,94,1
11,olives,122,1
16,pickle,142,0
10,tomatoes,104,0
12,cucumber,139,0
9,lettuce,93,0
5,cucumber,138,0
3,pickle,135,0
7,cucumber,135,0
19,cucumber,143,0
20,cucumber,126,0
1,tomatoes,119,0
1,lettuce,116,0
2,tomatoes,120,0
13,tomatoes,120,0
6,potatoes,146,0
20,cucumber,116,0
17,cucumber,102,0
5,potatoes,113,0
6,cucumber,130,0
16,pig,119,1
19,potatoes,92,0
3,tomatoes,126,0
10,pig,117,1
10,lettuce,147,0
16,pig,143,0
20,lettuce,147,0
11,pickle,132,0
10,pig,100,1
4,lettuce,91,0
6,lettuce,135,1
13,pig,132,0
19,olives,138,0
14,olives,99,0
7,pig,150,0
10,potatoes,118,0
13,pickle,122,0
10,cucumber,148,0
7,pig,108,0
4,potatoes,112,0
15,lettuce,119,0
13,potatoes,132,0
7,lettuce,124,0
1,cucumber,108,1
19,tomatoes,128,0
12,pig,134,1
12,lettuce,101,1
9,pickle,98,0
17,lettuce,133,0
14,potatoes,138,0
8,cucumber,101,0
15,tomatoes,96,0
14,lettuce,136,0
17,tomatoes,117,0
5,lettuce,132,0
8,pickle,93,0
4,lettuce,110,0
10,pickle,90,1
9,potatoes,133,0
15,tomatoes,114,0
18,pickle,116,0
12,pickle,132,0
14,potatoes,123,0
18,potatoes,104,0
11,cucumber,117,0
1,tomatoes,146,0
15,olives,110,1
4,lettuce,145,1
5,potatoes,111,0
20,pickle,114,1
3,potatoes,116,1
20,cucumber,140,0
15,pickle,143,0
9,lettuce,142,0
1,cucumber,138,1
2,lettuce,128,0
20,cucumber,106,0
15,lettuce,148,0
4,cucumber,136,0
12,pickle,136,1
15,pickle,134,0
9,olives,148,1
11,tomatoes,147,0
12,tomatoes,130,0
6,tomatoes,93,0
12,olives,115,0
14,pickle,138,0
1,cucumber,121,0
7,pig,110,0
5,tomatoes,140,0
19,lettuce,149,0
14,pig,119,0
14,pig,116,1
8,pickle,142,1
8,lettuce,123,0
14,olives,111,0
13,cucumber,122,0
18,lettuce,116,0
15,pickle,98,1
10,lettuce,118,0
1,olives,136,0
6,potatoes,116,0
9,potatoes,91,1
12,cucumber,111,1
8,pickle,141,0
12,lettuce,138,0
2,tomatoes,133,0
19,tomatoes,127,0
8,pig,101,0
3,lettuce,150,0
20,potatoes,93,0
4,lettuce,91,0
20,lettuce,132,0
4,potatoes,113,1
5,pickle,94,0
20,tomatoes,125,0
6,cucumber,132,0
18,tomatoes,118,0
4,pickle,92,1
13,pickle,93,0
17,tomatoes,97,0
15,potatoes,122,0
20,tomatoes,92,0
9,tomatoes,116,0
20,olives,142,0
5,olives,103,1
19,pig,114,0
6,pig,122,0
13,potatoes,147,0
15,pickle,107,0
7,cucumber,125,0
18,pickle,91,0
1,pickle,129,0
5,pickle,132,0
4,tomatoes,139,1
20,potatoes,112,0
9,tomatoes,103,0
7,tomatoes,134,0
13,potatoes,100,0
14,pickle,111,1
9,cucumber,138,0
19,potatoes,107,0
6,lettuce,123,0
15,olives,130,0
9,lettuce,112,0
8,potatoes,150,0
17,tomatoes,91,1
5,pig,119,1
15,potatoes,139,0
10,tomatoes,109,0
19,pig,109,1
5,pig,145,1
8,cucumber,126,0
18,lettuce,133,0
11,pig,149,0
20,pickle,98,1
6,olives,101,0
3,lettuce,141,1
10,pickle,107,0
13,tomatoes,114,0
5,olives,103,0
20,pickle,98,1
2,tomatoes,99,1
11,pickle,146,0
13,potatoes,90,1
18,pickle,111,0
10,cucumber,117,0
13,lettuce,145,0
15,potatoes,112,1
1,lettuce,95,0
1,tomatoes,136,0
11,pig,146,0
12,tomatoes,141,0
2,pickle,98,0
2,potatoes,127,0
15,lettuce,118,0
5,lettuce,148,0
12,olives,118,0
16,cucumber,132,1
19,pickle,134,0
13,tomatoes,96,0
5,pig,92,0
14,pickle,128,0
18,cucumber,132,0
16,olives,142,0
18,lettuce,102,1
3,pig,120,1
17,olives,146,0
3,pig,120,0
16,cucumber,139,0
15,olives,135,0
19,potatoes,123,0
5,lettuce,107,0
12,cucumber,145,0
11,tomatoes,115,0
12,potatoes,98,1
10,tomatoes,102,0
15,cucumber,113,0
16,pig,147,1
1,cucumber,138,1
12,olives,121,0
7,potatoes,150,0
3,cucumber,138,0
10,tomatoes,129,1
16,potatoes,121,0
4,olives,116,0
18,olives,115,0
17,cucumber,115,0
2,olives,125,0
4,pickle,107,0
1,tomatoes,139,0
17,cucumber,98,0
7,pig,132,0
13,olives,95,0
19,lettuce,90,0
12,lettuce,99,0
1,lettuce,107,0
13,olives,132,0
16,potatoes,110,0
11,pig,107,1
1,cucumber,91,0
14,cucumber,100,0
2,cucumber,96,0
15,potatoes,119,0
13,pickle,125,0
18,pickle,144,1
20,pickle,109,0
6,potatoes,137,0
8,cucumber,90,0
8,pickle,105,0
6,tomatoes,99,0
16,tomatoes,94,1
10,tomatoes,114,1
7,pickle,139,0
19,tomatoes,121,1
7,pickle,107,0
19,cucumber,100,0
19,cucumber,108,1
8,pig,95,1
17,pig,127,0
14,tomatoes,94,0
9,pickle,106,0
5,olives,119,1
14,lettuce,124,0
18,pickle,105,1
18,cucumber,140,0
1,lettuce,105,0
2,olives,109,0
14,pickle,116,0
8,cucumber,130,0
11,tomatoes,150,0
20,cucumber,95,0
13,potatoes,143,0
4,tomatoes,126,1
13,tomatoes,144,0
14,olives,111,0
9,potatoes,137,0
5,tomatoes,119,0
12,olives,123,0
8,pickle,130,0
3,potatoes,118,0
13,potatoes,105,0
11,pig,95,1
14,potatoes,135,0
17,pig,136,0
4,potatoes,145,0
11,pig,100,0
12,pig,136,0
1,cucumber,102,0
3,pickle,116,0
16,olives,105,0
17,cucumber,100,1
7,tomatoes,104,0
6,pickle,118,0
11,lettuce,146,0
20,tomatoes,119,0
1,potatoes,108,1
8,pickle,113,1
20,olives,142,1
1,cucumber,144,0
2,pig,102,0
11,pig,139,0
3,lettuce,108,0
10,olives,111,0
10,tomatoes,104,0
17,pickle,125,0
12,pickle,112,0
6,pickle,104,0
15,lettuce,91,0
2,potatoes,126,0
3,tomatoes,150,0
13,pickle,130,0
7,pig,122,0
11,pickle,147,0
7,lettuce,94,0
13,pickle,97,0
13,pickle,136,0
3,tomatoes,95,0
2,pickle,144,0
18,potatoes,141,0
11,potatoes,119,0
18,pickle,130,1
2,tomatoes,101,0
19,potatoes,128,0
8,pickle,106,0
9,olives,131,0
14,pickle,133,1
10,olives,98,1
20,lettuce,110,0
3,olives,124,0
13,cucumber,130,0
14,tomatoes,118,0
9,pig,121,1
15,lettuce,107,0
9,olives,112,0
14,pig,132,1
12,pig,148,1
17,pig,93,0
13,lettuce,120,0
16,tomatoes,104,1
19,pickle,146,0
12,tomatoes,112,1
20,tomatoes,118,0
13,pig,139,0
20,lettuce,106,0
18,cucumber,124,0
9,pig,112,0
9,lettuce,99,0
4,pickle,104,1
20,potatoes,150,0
1,tomatoes,122,0
13,tomatoes,115,1
14,lettuce,149,0
5,pickle,127,1
3,olives,119,1
14,tomatoes,90,1
5,cucumber,133,0
6,pickle,117,0
4,lettuce,112,0
17,pickle,149,0
11,pig,103,0
19,olives,148,1
3,olives,141,0
3,lettuce,139,0
9,pickle,101,1
10,lettuce,132,0
18,pig,105,0
5,olives,124,1
17,pickle,115,0
14,olives,122,0
13,cucumber,113,0
9,cucumber,100,1
17,olives,144,0
3,olives,105,1
3,cucumber,122,0
4,olives,121,0
4,cucumber,94,0
2,olives,150,0
3,pig,117,0
10,olives,132,0
19,potatoes,150,0
10,lettuce,145,0
10,pig,94,0
6,olives,113,0
1,pickle,125,0
16,pickle,112,0
13,potatoes,106,0
10,tomatoes,122,0
15,pickle,121,0
10,olives,122,0
7,pig,148,0
11,lettuce,138,0
4,lettuce,148,0
13,lettuce,103,0
7,lettuce,94,0
13,cucumber,111,1
15,tomatoes,136,0
13,cucumber,145,0
5,olives,134,1
17,potatoes,150,0
13,tomatoes,145,0
12,pickle,147,0
14,potatoes,112,0
9,cucumber,122,1
17,pig,111,0
3,olives,91,0
10,cucumber,105,0
20,pig,113,1
9,potatoes,126,0
3,olives,123,0
19,olives,117,0
19,olives,123,0
18,pig,148,1
13,pickle,135,0
14,pig,119,0
4,potatoes,99,0
16,olives,116,1
6,pickle,94,0
6,olives,109,0
14,cucumber,93,0
11,cucumber,94,0
1,pickle,102,0
9,cucumber,136,0
4,lettuce,114,1
15,tomatoes,131,0
17,pig,92,0
2,pig,147,0
6,tomatoes,137,0
16,olives,96,0
3,olives,122,0
18,olives,138,0
2,pickle,136,0
18,olives,122,0
14,pig,136,0
16,pickle,135,0
13,tomatoes,150,0
18,tomatoes,135,0
15,potatoes,140,0
4,potatoes,129,1
6,pig,103,0
14,lettuce,110,0
18,pig,92,0
7,cucumber,144,0
11,lettuce,125,0
9,olives,98,0
19,lettuce,135,0
14,olives,112,1
18,tomatoes,132,1
2,cucumber,91,1
17,tomatoes,132,0
17,cucumber,121,0
2,cucumber,126,1
18,tomatoes,98,0
2,potatoes,94,0
4,potatoes,91,0
17,potatoes,124,0
12,pig,146,1
12,olives,92,0
7,lettuce,133,1
19,pig,142,0
12,pickle,137,0
7,cucumber,139,1
10,lettuce,145,0
10,olives,115,0
16,pickle,150,0
18,potatoes,99,0
20,olives,125,0
3,potatoes,113,0
10,lettuce,119,0
6,tomatoes,94,1
18,pickle,118,0
5,potatoes,103,0
17,cucumber,99,0
19,pig,123,1
11,pig,144,0
5,lettuce,142,0
4,pickle,111,1
4,lettuce,124,0
15,lettuce,110,0
3,pickle,136,1
10,lettuce,146,1
5,cucumber,146,1
14,lettuce,111,1
15,tomatoes,93,1
19,cucumber,132,0
18,olives,102,0
5,pig,137,1
1,pickle,134,1
10,lettuce,130,0
19,pig,116,1
5,tomatoes,119,0
18,pickle,97,0
8,lettuce,101,0
1,olives,141,0
6,pickle,149,0
6,pickle,96,1
4,potatoes,116,0
1,pig,111,0
13,pickle,116,0
11,cucumber,134,0
14,pickle,140,0
18,olives,137,0
18,cucumber,93,0
17,potatoes,127,0
14,pig,108,0
3,olives,108,1
9,pig,142,0
6,potatoes,121,0
17,tomatoes,111,0
11,lettuce,91,0
17,potatoes,100,0
16,lettuce,140,0
1,olives,147,0
3,olives,104,0
2,pickle,111,0
9,lettuce,148,1
6,pig,96,0
17,pig,119,1
13,cucumber,123,0
15,tomatoes,102,0
8,tomatoes,131,0
9,pickle,130,0
2,olives,97,0
10,olives,112,1
14,tomatoes,130,0
18,tomatoes,137,0
1,pickle,93,0
13,cucumber,103,1
4,cucumber,139,0
13,tomatoes,136,0
14,pig,120,0
20,potatoes,92,0
20,lettuce,117,1
18,olives,111,0
8,olives,113,0
18,olives,140,0
7,potatoes,120,1
11,pickle,110,0
11,tomatoes,112,0
18,potatoes,117,0
17,pickle,125,0
19,lettuce,142,0
20,cucumber,134,0
9,pickle,93,0
7,tomatoes,150,0
13,lettuce,112,0
9,cucumber,110,0
16,tomatoes,150,0
1,lettuce,116,0
8,tomatoes,138,0
16,potatoes,126,0
16,pig,143,0
7,pickle,92,1
12,pig,130,1
18,cucumber,106,0
20,pig,129,0
5,cucumber,138,0
4,pickle,93,0
1,cucumber,99,0
17,potatoes,95,0
6,pickle,122,1
2,cucumber,131,0
19,pig,107,1
11,tomatoes,101,0
16,lettuce,150,1
4,potatoes,138,1
1,lettuce,97,0
18,pickle,119,0
3,pig,139,0
16,pickle,116,0
19,cucumber,133,0
3,potatoes,124,0
7,pickle,103,0
16,cucumber,109,0
16,pickle,134,0
12,cucumber,95,1
1,pickle,135,0
16,cucumber,139,0
10,tomatoes,132,0
2,pig,142,0
18,olives,134,0
8,cucumber,110,0
13,olives,109,0
9,pig,119,1
9,pig,133,1
4,lettuce,138,1
10,potatoes,119,0
15,potatoes,138,0
6,lettuce,141,0
8,lettuce,101,0
6,pickle,112,0
4,pickle,101,0
12,olives,125,0
3,potatoes,134,0
7,olives,102,0
8,lettuce,95,0
9,olives,115,1
16,potatoes,90,1
17,olives,103,0
4,pig,99,0
1,tomatoes,91,0
19,olives,92,1
6,cucumber,146,0
8,olives,145,1
11,tomatoes,148,1
6,tomatoes,90,1
8,lettuce,142,0
6,olives,127,0
11,cucumber,120,1
13,olives,109,0
5,pickle,116,0
1,potatoes,95,0
6,pig,134,0
17,pickle,120,0
1,olives,126,0
13,olives,132,0
13,cucumber,120,0
18,olives,99,0
19,pig,92,1
20,potatoes,132,0
5,lettuce,130,0
5,olives,98,1
19,olives,129,0
20,lettuce,148,0
7,pickle,96,0
2,tomatoes,101,0
12,cucumber,125,1
4,cucumber,90,0
20,pickle,113,0
19,cucumber,135,0
8,pickle,100,0
12,potatoes,96,1
1,cucumber,136,0
13,olives,109,0
18,cucumber,93,0
15,potatoes,131,0
18,cucumber,119,1
17,tomatoes,93,0
5,potatoes,137,0
1,potatoes,108,0
18,lettuce,91,0
19,pig,103,0
11,tomatoes,109,0
4,lettuce,112,0
17,olives,149,0
13,olives,150,0
10,pig,97,0
15,potatoes,95,0
9,potatoes,111,0
8,tomatoes,112,0
17,potatoes,100,1
2,potatoes,115,0
3,lettuce,99,0
8,pig,105,0
3,lettuce,118,0
20,tomatoes,116,0
14,pickle,142,1
12,cucumber,122,0
13,tomatoes,113,0
16,potatoes,150,0
11,olives,109,0
3,pickle,109,0
19,cucumber,111,0
16,potatoes,94,0
11,potatoes,148,0
20,pig,136,1
17,potatoes,90,0
3,olives,143,0
18,olives,112,1
19,pig,126,0
2,olives,131,0
18,potatoes,142,0
2,cucumber,92,0
5,potatoes,128,0
17,tomatoes,130,1
12,lettuce,147,0
7,pig,94,0
2,potatoes,101,0
1,olives,139,1
9,tomatoes,143,0
10,pig,94,1
5,tomatoes,133,0
3,olives,98,0
8,tomatoes,140,0
7,potatoes,143,0
16,potatoes,117,0
11,olives,146,0
11,olives,142,0
6,olives,139,0
1,pig,130,0
16,tomatoes,124,0
4,lettuce,111,0
8,tomatoes,143,0
4,cucumber,141,0
15,potatoes,138,0
4,cucumber,131,0
2,olives,90,0
5,potatoes,94,1
19,olives,149,0
5,olives,137,0
16,cucumber,106,0
18,olives,94,1
15,olives,135,0
4,cucumber,134,0
9,tomatoes,93,0
1,lettuce,113,1
19,potatoes,96,0
15,pig,139,0
2,pickle,145,0
20,olives,134,0
16,lettuce,150,0
2,tomatoes,137,0
20,cucumber,137,0
4,cucumber,129,1
6,olives,95,0
17,potatoes,136,0
14,lettuce,121,0
6,pig,147,0
9,pig,138,0
2,lettuce,141,1
14,cucumber,135,0
18,tomatoes,129,0
11,olives,104,0
13,pickle,116,0
8,tomatoes,148,0
19,cucumber,109,1
7,tomatoes,119,0
6,pig,100,0
9,potatoes,103,0
15,pig,104,0
15,tomatoes,97,0
16,lettuce,112,1
16,lettuce,121,0
11,cucumber,102,0
5,potatoes,121,1
17,potatoes,139,0
10,lettuce,102,0
15,tomatoes,98,1
3,cucumber,137,1
1,olives,108,0
4,lettuce,133,0
16,pig,133,1
13,pickle,133,1
2,olives,118,0
1,tomatoes,92,0
2,pig,94,0
7,cucumber,101,0
18,tomatoes,137,0
2,cucumber,142,0
5,potatoes,117,0
3,pickle,126,0
9,cucumber,90,1
9,olives,91,1
18,potatoes,146,0
10,olives,145,0
12,potatoes,122,0
6,potatoes,94,1
17,pig,115,0
1,potatoes,109,0
10,olives,150,0
11,cucumber,104,1
4,tomatoes,146,0
16,cucumber,109,0
18,potatoes,134,0
10,lettuce,143,1
18,lettuce,122,0
18,pickle,132,0
5,tomatoes,141,0
15,potatoes,147,0
2,tomatoes,115,0
8,tomatoes,110,0
14,pig,123,0
18,pickle,148,0
17,potatoes,123,0
12,potatoes,100,0
8,potatoes,98,0
7,olives,141,0
18,cucumber,123,1
15,pig,95,1
14,tomatoes,146,0
11,cucumber,126,0
12,olives,99,1
1,olives,139,0
1,lettuce,113,0
6,lettuce,123,0
10,lettuce,121,1
12,pig,146,0
12,tomatoes,145,0
2,tomatoes,107,1
18,cucumber,137,0
5,potatoes,104,0
2,lettuce,121,0
14,cucumber,138,0
14,pickle,97,0
10,cucumber,102,1
20,potatoes,106,0
8,pig,127,0
19,pig,96,0
20,lettuce,138,1
16,cucumber,131,1
19,potatoes,125,0
4,olives,123,1
14,pickle,108,0
12,tomatoes,144,0
17,pig,140,1
8,cucumber,129,0
4,pig,123,1
15,olives,138,0
4,pig,120,0
9,cucumber,103,0
19,olives,122,0
20,potatoes,92,0
19,potatoes,133,0
12,pig,95,1
2,potatoes,100,0
19,pig,134,0
12,cucumber,129,0
19,olives,99,0
17,pig,98,0
2,olives,127,1
9,lettuce,101,0
17,cucumber,114,0
1,pig,110,0
7,potatoes,98,0
2,potatoes,106,0
2,lettuce,146,0
15,pig,112,0
9,lettuce,113,0
19,cucumber,140,1
7,tomatoes,90,0
1,lettuce,95,1
12,olives,95,1
13,pickle,132,0
10,olives,101,0
11,lettuce,138,0
9,olives,95,0
7,pig,129,0
20,potatoes,131,0
13,tomatoes,114,0
1,tomatoes,93,0
13,tomatoes,131,0
3,pickle,90,1
18,pickle,121,0
8,pig,117,1
6,lettuce,121,0
15,olives,135,1
16,pickle,122,0
9,olives,119,0
15,lettuce,102,0
11,pickle,96,0
