factory_id,food,kg,recicled
15,olives,98,0
2,lettuce,106,0
9,pig,94,0
6,lettuce,144,0
12,tomatoes,141,1
10,pig,97,1
17,olives,148,0
17,cucumber,112,1
9,potatoes,122,0
16,cucumber,130,1
5,potatoes,94,0
13,pickle,134,0
6,pickle,145,1
10,olives,121,0
15,potatoes,141,1
17,cucumber,97,1
14,cucumber,99,0
5,tomatoes,111,0
2,lettuce,102,0
15,pig,128,0
2,pig,133,0
1,olives,110,0
7,tomatoes,133,0
6,tomatoes,132,0
7,cucumber,106,0
17,pickle,92,0
14,potatoes,91,0
1,lettuce,104,0
20,lettuce,142,0
19,potatoes,108,0
8,potatoes,100,0
11,potatoes,103,1
9,lettuce,119,0
5,potatoes,133,1
7,lettuce,133,0
9,cucumber,134,0
5,tomatoes,128,1
10,cucumber,135,0
15,pickle,97,0
17,potatoes,94,0
6,pig,145,0
14,cucumber,129,1
2,pig,112,0
5,pig,150,1
7,pig,122,0
7,tomatoes,130,0
6,potatoes,122,0
4,potatoes,110,1
15,pickle,119,0
6,lettuce,98,0
4,potatoes,148,0
9,lettuce,90,0
3,pig,146,0
1,pickle,143,0
8,cucumber,114,1
12,pig,115,0
2,pig,100,1
13,olives,103,0
11,pig,124,0
2,pig,123,0
16,pickle,149,0
5,cucumber,94,1
5,lettuce,116,0
13,olives,132,0
12,tomatoes,123,1
8,potatoes,122,0
17,lettuce,113,1
3,lettuce,91,0
17,olives,141,1
7,olives,133,0
18,pickle,147,1
14,potatoes,90,1
6,pickle,124,0
18,cucumber,124,0
16,cucumber,146,0
19,pickle,108,1
6,pickle,121,0
8,potatoes,142,0
18,pig,143,0
13,olives,125,0
9,pig,139,0
18,tomatoes,136,0
10,tomatoes,98,0
5,pickle,95,0
13,potatoes,116,1
17,pickle,143,0
2,cucumber,120,0
18,lettuce,133,0
8,tomatoes,97,0
17,cucumber,108,0
13,cucumber,131,0
14,lettuce,140,0
11,lettuce,136,0
12,tomatoes,106,0
19,olives,128,1
5,cucumber,145,0
1,pickle,113,0
7,potatoes,150,0
11,lettuce,146,0
20,lettuce,150,0
5,olives,142,0
12,pickle,97,0
12,potatoes,117,0
13,pickle,117,0
6,olives,130,0
1,tomatoes,123,0
19,cucumber,111,0
1,lettuce,133,0
17,tomatoes,104,0
19,olives,145,0
7,potatoes,142,1
12,olives,121,0
12,lettuce,128,0
16,cucumber,113,1
12,pig,115,1
14,potatoes,149,0
17,tomatoes,116,0
9,tomatoes,98,0
12,olives,146,0
10,olives,139,0
16,potatoes,95,0
17,lettuce,148,0
11,potatoes,120,0
10,olives,138,0
19,tomatoes,149,0
13,pig,121,0
14,tomatoes,128,0
12,lettuce,136,1
18,lettuce,138,1
2,potatoes,110,0
19,olives,134,1
20,olives,122,0
20,potatoes,113,0
14,potatoes,120,0
4,pig,104,0
8,pickle,111,0
10,lettuce,113,1
9,lettuce,132,1
17,pig,94,0
17,pickle,126,0
2,pickle,128,0
8,cucumber,135,0
4,olives,148,1
19,lettuce,139,1
10,cucumber,94,0
8,lettuce,136,0
4,olives,127,0
8,olives,109,0
6,pickle,103,1
7,cucumber,135,0
13,pig,113,0
3,cucumber,149,0
19,pig,139,0
8,potatoes,128,0
20,pig,138,0
2,pickle,91,0
1,cucumber,131,0
10,lettuce,133,0
6,olives,136,1
12,pig,117,0
13,lettuce,140,0
8,tomatoes,133,0
6,pickle,119,0
16,tomatoes,141,0
7,tomatoes,90,0
13,potatoes,125,0
19,cucumber,121,1
4,potatoes,139,1
19,pig,145,0
2,cucumber,125,0
5,lettuce,99,1
15,pickle,95,1
15,pickle,109,0
20,potatoes,115,1
10,cucumber,95,0
3,tomatoes,91,1
19,lettuce,130,0
16,olives,149,0
20,tomatoes,144,0
17,cucumber,134,0
9,pickle,144,0
10,tomatoes,117,0
6,cucumber,96,0
8,lettuce,112,0
1,cucumber,142,0
10,olives,107,0
18,olives,99,0
9,olives,124,0
15,lettuce,143,1
18,lettuce,101,1
18,tomatoes,130,0
8,lettuce,108,0
15,pig,105,0
15,tomatoes,107,1
4,tomatoes,100,1
12,pickle,134,0
8,cucumber,137,1
7,pig,95,1
12,potatoes,97,0
7,tomatoes,113,0
20,cucumber,102,0
12,olives,108,0
1,pickle,104,1
18,cucumber,108,1
3,lettuce,132,0
2,potatoes,150,1
18,potatoes,129,1
14,lettuce,140,0
10,pickle,146,0
18,lettuce,130,0
11,cucumber,144,0
2,potatoes,103,0
20,tomatoes,117,0
1,pig,135,0
16,pickle,126,1
4,pig,128,1
5,cucumber,93,1
12,tomatoes,103,0
1,pig,148,0
19,pig,134,0
14,olives,126,1
16,potatoes,108,0
10,pickle,127,0
2,lettuce,131,1
10,pickle,124,1
19,lettuce,112,0
17,cucumber,146,0
1,lettuce,107,1
17,pickle,139,1
2,cucumber,111,0
1,tomatoes,130,0
17,potatoes,145,1
14,tomatoes,101,1
9,pickle,104,0
20,cucumber,116,0
16,olives,126,1
2,tomatoes,120,1
4,cucumber,129,0
19,tomatoes,143,0
12,lettuce,139,0
15,pig,103,0
13,pickle,147,0
2,potatoes,129,0
5,olives,125,0
20,potatoes,148,0
18,olives,110,0
13,pickle,118,0
17,pig,135,0
1,pickle,116,0
12,lettuce,147,0
12,tomatoes,91,0
11,olives,117,1
18,lettuce,144,0
12,lettuce,103,1
2,pickle,105,0
10,pig,115,0
12,cucumber,139,0
10,tomatoes,139,1
17,olives,106,1
3,tomatoes,142,0
19,potatoes,105,0
15,pig,126,1
17,pickle,107,0
16,potatoes,102,1
19,cucumber,148,0
3,potatoes,104,0
5,tomatoes,110,1
16,olives,101,0
7,lettuce,103,0
8,tomatoes,137,0
6,pickle,108,0
17,pickle,143,0
4,olives,112,0
18,olives,138,0
14,potatoes,143,0
13,olives,128,0
8,tomatoes,115,0
9,potatoes,125,0
18,lettuce,117,0
4,olives,113,0
11,pickle,99,0
18,olives,113,0
15,lettuce,145,1
17,olives,139,0
14,pig,116,1
1,olives,137,1
11,pig,109,0
10,potatoes,91,0
9,olives,127,0
4,lettuce,107,0
20,pickle,121,0
18,potatoes,119,0
9,tomatoes,143,1
4,pig,111,1
18,potatoes,142,1
2,pig,125,0
20,tomatoes,136,0
18,olives,131,0
16,potatoes,123,0
10,potatoes,148,0
17,pig,100,0
2,pickle,102,1
1,olives,113,0
8,cucumber,111,0
9,cucumber,107,0
4,lettuce,105,0
11,cucumber,92,0
16,pig,126,0
9,potatoes,129,0
15,olives,128,1
13,olives,130,1
7,pig,103,0
12,pickle,122,0
18,olives,138,0
20,pig,91,0
1,lettuce,127,1
12,pig,139,0
2,olives,126,0
16,pickle,141,0
4,pickle,129,0
12,potatoes,134,1
5,cucumber,110,0
5,potatoes,141,0
7,pig,96,0
6,pig,150,0
13,potatoes,114,0
5,lettuce,147,0
8,potatoes,125,0
18,olives,113,0
17,lettuce,140,0
18,cucumber,110,0
11,olives,104,1
10,pickle,131,0
4,cucumber,126,0
9,potatoes,101,0
7,potatoes,131,0
6,olives,98,1
9,olives,132,0
13,tomatoes,101,0
5,olives,94,0
17,pickle,145,0
2,pig,119,0
19,tomatoes,106,0
13,pickle,90,0
12,cucumber,90,0
20,tomatoes,105,0
16,pickle,144,0
14,cucumber,96,0
14,lettuce,101,0
19,pickle,92,0
5,cucumber,149,0
6,cucumber,133,0
18,pickle,133,1
17,pickle,100,0
2,tomatoes,127,1
6,pig,150,0
2,pickle,146,1
19,pig,140,0
12,olives,130,0
5,tomatoes,150,0
17,pig,114,0
8,pig,131,0
20,olives,106,0
6,lettuce,103,1
14,tomatoes,112,0
2,lettuce,128,0
10,olives,91,0
2,pickle,147,0
16,cucumber,140,0
7,cucumber,146,0
20,pickle,113,0
10,pickle,142,0
7,lettuce,117,0
17,cucumber,101,0
4,lettuce,97,0
2,lettuce,136,0
2,cucumber,113,0
13,olives,136,0
1,cucumber,104,1
8,pickle,150,0
14,pickle,97,0
16,pickle,99,0
7,cucumber,150,0
5,potatoes,113,0
10,pig,123,1
6,potatoes,98,0
12,tomatoes,101,1
18,pickle,95,0
17,potatoes,141,0
7,pig,103,0
20,cucumber,108,0
18,pig,137,0
1,potatoes,109,0
1,potatoes,138,0
18,olives,96,1
11,cucumber,139,0
15,olives,117,0
5,potatoes,148,0
4,pickle,111,1
12,olives,144,1
7,olives,107,0
5,cucumber,95,1
15,lettuce,136,0
9,potatoes,112,0
6,olives,136,0
4,lettuce,149,0
14,tomatoes,142,0
20,pig,115,1
1,pig,145,0
4,olives,145,0
9,cucumber,117,0
16,tomatoes,113,0
11,pig,140,0
20,potatoes,135,1
14,lettuce,111,0
13,pickle,114,1
11,lettuce,147,0
18,cucumber,104,0
19,lettuce,146,0
2,olives,94,0
13,pickle,149,0
7,pig,134,0
13,lettuce,128,1
11,pig,96,0
4,pickle,115,0
19,lettuce,114,0
20,lettuce,112,0
18,tomatoes,110,0
10,cucumber,137,0
17,tomatoes,91,0
5,lettuce,122,0
9,potatoes,107,0
18,pickle,120,0
13,olives,111,0
18,olives,108,1
7,tomatoes,129,1
15,pig,126,1
2,cucumber,139,1
17,olives,133,0
16,olives,93,0
3,pickle,139,0
16,olives,124,0
6,tomatoes,141,1
6,pickle,122,0
2,potatoes,135,1
7,cucumber,90,0
19,cucumber,139,1
6,potatoes,120,0
17,pig,115,0
11,olives,145,0
11,potatoes,138,1
7,potatoes,100,0
6,potatoes,92,0
2,pickle,118,0
6,pig,128,0
3,cucumber,104,0
11,pickle,99,0
6,pickle,122,1
8,potatoes,145,0
6,lettuce,119,1
6,pig,140,0
20,olives,143,0
6,tomatoes,144,0
6,cucumber,123,0
18,pig,127,1
11,pickle,93,1
10,pickle,132,0
12,lettuce,106,0
11,olives,141,0
14,potatoes,129,0
13,pig,137,0
11,olives,148,1
1,pig,93,1
7,pickle,103,0
13,pickle,115,0
9,cucumber,111,0
20,pickle,103,0
2,potatoes,99,0
5,potatoes,147,0
8,potatoes,97,1
18,potatoes,110,1
2,olives,91,0
18,pickle,126,1
18,olives,106,0
13,tomatoes,139,0
3,pickle,122,0
4,potatoes,124,0
17,potatoes,100,1
2,tomatoes,95,0
16,potatoes,97,0
13,potatoes,118,0
2,cucumber,120,0
15,potatoes,108,0
13,pig,150,1
9,cucumber,92,0
14,potatoes,93,0
12,olives,135,1
1,tomatoes,133,0
12,lettuce,146,0
4,cucumber,114,1
17,olives,134,1
11,pig,148,0
13,cucumber,130,0
5,pickle,112,1
7,cucumber,142,0
2,pig,99,0
19,pig,100,0
12,lettuce,100,0
9,cucumber,113,0
1,olives,124,1
13,pig,131,0
1,olives,101,0
9,pig,147,0
19,lettuce,124,1
5,lettuce,117,0
12,lettuce,128,0
14,potatoes,116,0
13,cucumber,105,0
12,pig,126,0
6,potatoes,94,1
12,lettuce,131,0
14,pickle,114,0
20,lettuce,102,0
19,tomatoes,140,0
4,lettuce,103,0
12,tomatoes,106,0
13,olives,142,1
10,pig,96,0
14,lettuce,113,0
6,potatoes,132,1
11,cucumber,129,0
13,cucumber,114,0
11,cucumber,92,0
20,pickle,107,1
3,cucumber,128,0
1,tomatoes,107,0
2,pickle,137,1
10,tomatoes,146,0
8,pickle,113,0
6,pickle,122,0
4,tomatoes,132,0
6,tomatoes,104,1
17,lettuce,94,0
1,lettuce,122,1
19,lettuce,141,0
11,potatoes,124,0
7,pickle,108,0
20,cucumber,98,0
7,pig,129,0
3,potatoes,142,0
11,pickle,94,0
18,tomatoes,118,1
18,lettuce,128,0
13,pig,115,0
18,olives,149,0
6,cucumber,115,1
3,olives,146,0
18,lettuce,142,0
9,cucumber,109,0
9,pickle,126,0
20,pig,104,0
13,pickle,103,0
2,olives,141,0
15,olives,131,0
14,tomatoes,95,1
4,olives,149,0
6,cucumber,142,0
14,tomatoes,96,0
14,cucumber,106,0
4,cucumber,132,0
17,pickle,134,0
18,olives,118,0
6,tomatoes,101,0
5,olives,139,0
17,pickle,101,0
15,olives,132,0
15,olives,132,0
8,pickle,133,1
3,olives,137,0
17,cucumber,107,0
4,cucumber,98,0
10,tomatoes,125,0
15,tomatoes,132,0
19,potatoes,97,0
15,olives,133,0
15,pickle,116,1
8,olives,138,0
5,olives,146,0
15,potatoes,92,1
10,pickle,124,0
17,tomatoes,148,0
3,potatoes,112,0
1,pickle,95,1
4,olives,142,0
2,lettuce,125,0
10,cucumber,137,1
5,pig,92,0
12,pig,143,1
4,tomatoes,125,0
15,potatoes,139,0
17,lettuce,97,0
12,pig,126,0
19,olives,114,0
8,olives,112,0
9,olives,98,0
16,pig,149,0
7,pig,120,0
19,olives,97,0
6,cucumber,131,0
14,potatoes,118,0
6,cucumber,114,0
15,olives,137,0
15,potatoes,130,0
19,olives,102,0
18,potatoes,129,1
12,cucumber,119,0
12,potatoes,113,0
16,pig,146,0
18,pig,114,0
14,olives,149,0
12,potatoes,135,0
18,olives,119,0
15,pickle,107,0
4,potatoes,113,0
8,olives,138,0
4,cucumber,121,0
13,olives,149,0
1,olives,106,0
1,olives,147,0
12,lettuce,141,1
3,cucumber,107,0
8,potatoes,114,0
11,cucumber,111,0
12,pig,104,0
1,tomatoes,140,0
9,olives,111,0
12,pig,97,1
20,lettuce,113,1
6,olives,92,0
13,potatoes,132,1
16,tomatoes,106,0
19,tomatoes,120,0
18,potatoes,98,1
1,olives,130,0
7,tomatoes,150,0
11,lettuce,114,0
1,potatoes,109,0
18,pig,116,0
9,potatoes,96,0
16,olives,106,0
12,pickle,141,0
15,potatoes,129,1
8,pig,107,0
7,pig,99,0
1,potatoes,138,0
10,cucumber,131,0
20,potatoes,91,0
6,tomatoes,118,1
2,pickle,150,0
12,pig,121,1
16,cucumber,121,0
19,lettuce,92,0
13,pickle,114,1
7,cucumber,150,1
16,cucumber,92,0
14,lettuce,140,0
5,olives,122,0
14,pickle,114,0
5,cucumber,150,0
8,olives,117,0
17,tomatoes,131,0
18,cucumber,114,0
18,olives,121,1
17,pig,134,0
3,lettuce,148,0
14,pig,134,0
20,potatoes,121,0
2,lettuce,138,0
18,pickle,96,0
4,olives,95,0
9,cucumber,109,0
5,potatoes,127,0
10,potatoes,139,1
19,cucumber,97,1
16,cucumber,93,0
5,cucumber,143,0
4,potatoes,135,0
20,olives,140,1
10,tomatoes,118,1
9,pig,115,0
18,cucumber,109,0
10,pig,94,1
5,pickle,121,0
17,cucumber,150,1
9,pickle,137,0
18,cucumber,100,1
16,olives,99,0
14,pickle,147,0
13,lettuce,128,0
13,cucumber,98,0
3,pickle,123,0
8,potatoes,126,0
18,potatoes,141,0
10,olives,98,0
13,olives,125,0
15,cucumber,136,1
10,lettuce,97,0
3,pickle,119,1
10,lettuce,98,0
18,cucumber,95,0
19,potatoes,143,0
13,olives,113,0
11,cucumber,129,0
10,tomatoes,111,0
11,potatoes,141,0
15,lettuce,109,0
9,tomatoes,130,0
1,cucumber,90,0
5,potatoes,100,0
4,pig,121,0
17,tomatoes,138,1
16,lettuce,111,0
17,tomatoes,120,1
10,tomatoes,93,0
13,pig,98,0
2,lettuce,105,0
1,olives,95,0
15,pickle,96,0
3,cucumber,109,0
15,tomatoes,132,0
7,pig,99,0
2,olives,124,0
7,olives,131,0
16,pickle,103,0
10,tomatoes,101,0
14,pig,126,0
11,pickle,143,0
16,pickle,124,0
18,cucumber,119,1
8,tomatoes,130,0
1,tomatoes,141,0
15,tomatoes,125,0
1,pig,130,0
8,cucumber,121,1
1,pig,119,0
3,olives,127,0
1,potatoes,98,0
7,pickle,103,0
12,potatoes,110,0
18,pickle,102,0
5,pickle,100,0
4,tomatoes,127,0
15,potatoes,127,1
8,potatoes,95,0
4,potatoes,95,1
11,olives,129,0
7,tomatoes,119,0
4,olives,142,1
8,pickle,128,0
3,pig,141,0
20,olives,121,0
14,pickle,150,1
19,potatoes,118,0
18,pig,128,0
9,cucumber,122,0
15,olives,100,0
8,lettuce,141,0
15,tomatoes,138,0
9,potatoes,146,0
19,pig,113,0
8,olives,150,0
11,cucumber,91,0
1,potatoes,131,0
6,tomatoes,108,1
19,cucumber,104,1
4,pig,147,0
4,pickle,96,0
15,cucumber,101,0
3,pig,98,0
4,olives,105,0
11,pickle,110,0
6,olives,102,1
4,cucumber,127,0
17,cucumber,133,0
12,pig,104,1
1,lettuce,140,0
1,pig,130,0
7,cucumber,103,0
17,tomatoes,106,0
10,pig,97,1
6,olives,142,0
10,pig,142,0
4,cucumber,145,0
8,tomatoes,120,1
12,tomatoes,97,1
10,olives,109,1
4,cucumber,107,1
14,cucumber,149,0
6,pickle,145,0
5,tomatoes,107,0
10,olives,132,0
17,tomatoes,126,0
2,olives,98,0
19,olives,118,1
5,pig,120,0
15,lettuce,137,0
6,pig,137,0
3,pig,97,0
7,cucumber,98,0
12,pickle,131,0
19,tomatoes,115,0
1,pig,109,0
14,cucumber,150,0
17,cucumber,131,1
9,lettuce,111,1
1,pig,113,0
11,cucumber,93,0
15,olives,116,1
4,pig,130,0
9,cucumber,140,0
20,pig,126,1
8,cucumber,148,0
5,cucumber,149,1
3,pig,135,0
15,potatoes,103,0
9,olives,94,0
7,pickle,130,0
15,cucumber,128,0
7,pig,105,1
8,lettuce,119,1
5,tomatoes,119,0
17,pig,91,0
15,tomatoes,104,1
12,olives,130,0
13,potatoes,129,0
16,potatoes,146,0
3,olives,102,1
6,pig,94,0
2,olives,98,0
9,lettuce,95,0
13,cucumber,90,0
10,lettuce,145,1
10,pickle,119,0
11,cucumber,137,0
2,pickle,117,0
14,pickle,126,1
7,pickle,124,0
6,cucumber,146,0
15,cucumber,106,0
6,olives,129,1
4,olives,125,1
7,potatoes,102,0
13,potatoes,113,0
1,olives,140,0
10,potatoes,128,0
18,potatoes,138,0
19,potatoes,117,0
4,olives,139,0
13,pickle,103,1
5,cucumber,112,0
2,pickle,148,0
18,pickle,126,1
10,pig,95,1
19,lettuce,110,0
1,lettuce,121,0
18,cucumber,124,0
13,tomatoes,135,0
19,pig,99,1
18,lettuce,106,0
19,potatoes,142,0
14,potatoes,101,0
1,tomatoes,103,0
20,olives,134,0
17,lettuce,142,0
13,olives,93,0
5,pig,101,0
20,tomatoes,133,0
19,cucumber,116,0
6,pig,121,0
10,tomatoes,123,0
10,tomatoes,93,0
3,potatoes,134,1
14,olives,108,0
13,cucumber,107,0
20,pickle,126,0
19,lettuce,123,0
9,cucumber,134,0
20,pig,99,0
8,pickle,120,0
15,potatoes,149,0
12,cucumber,125,0
11,pig,117,0
10,olives,132,0
12,tomatoes,107,1
19,potatoes,142,1
7,pickle,93,0
14,pig,137,0
10,potatoes,137,0
7,pickle,141,0
1,lettuce,130,0
11,lettuce,141,0
6,cucumber,116,0
19,cucumber,143,0
19,olives,135,1
18,cucumber,111,0
9,tomatoes,104,1
6,cucumber,116,0
5,tomatoes,106,1
15,tomatoes,94,0
18,potatoes,124,0
3,pickle,133,0
18,olives,112,0
1,cucumber,131,0
14,pig,134,1
17,pickle,103,0
19,olives,102,0
11,lettuce,119,0
11,potatoes,148,0
2,lettuce,142,0
18,olives,124,0
16,pickle,121,0
16,pickle,116,0
20,tomatoes,93,0
6,pickle,123,0
20,pig,118,0
11,pickle,129,0
8,olives,110,0
2,pig,112,0
9,lettuce,115,0
13,pickle,119,0
10,olives,129,0
20,potatoes,101,0
2,potatoes,109,0
2,cucumber,90,0
16,potatoes,93,0
9,potatoes,99,0
10,cucumber,131,0
17,potatoes,98,0
12,lettuce,92,0
13,pig,141,0
17,tomatoes,119,0
16,olives,130,0
4,pickle,138,0
10,tomatoes,90,0
7,olives,110,0
10,pig,143,1
5,pickle,113,0
19,pickle,115,0
4,potatoes,99,0
10,cucumber,112,1
20,lettuce,130,0
1,tomatoes,142,0
8,olives,110,0
7,lettuce,147,0
18,potatoes,116,0
2,potatoes,121,0
7,pig,104,0
4,lettuce,130,0
8,pickle,125,0
12,lettuce,146,0
1,potatoes,96,0
15,lettuce,108,0
18,cucumber,130,0
9,cucumber,150,0
17,olives,94,0
15,tomatoes,123,0
17,tomatoes,145,0
2,lettuce,93,0
17,olives,141,0
1,cucumber,117,1
9,pickle,118,0
18,lettuce,150,1
16,pig,129,0
6,pig,101,0
19,tomatoes,127,0
8,pig,105,0
8,lettuce,99,0
11,pickle,140,0
10,lettuce,143,0
20,pig,135,0
3,tomatoes,139,0
4,pickle,150,0
19,pig,118,0
16,lettuce,125,1
4,lettuce,142,0
10,potatoes,131,0
6,tomatoes,110,0
16,lettuce,120,0
4,lettuce,99,0
2,pickle,143,1
17,tomatoes,103,0
4,pickle,125,0
19,pickle,130,1
1,tomatoes,147,1
16,tomatoes,132,0
6,pickle,147,0
8,tomatoes,130,1
7,pig,94,1
3,tomatoes,136,0
17,lettuce,112,0
